,country,Alpha-2 code,Alpha-3 code,Numeric code,ISO 3166-2,f_agri,f_sec,f_ser
0,Zimbabwe,ZW,ZWE,716,ISO 3166-2:ZW,69.5,1.9,28.6
1,Zambia,ZM,ZMB,894,ISO 3166-2:ZM,54.7,4.3,41
2,Vietnam,VN,VNM,704,ISO 3166-2:VN,38.3,23.3,38.4
3,Vanuatu,VU,VUT,548,ISO 3166-2:VU,56.8,12.5,30.7
4,Uzbekistan,UZ,UZB,860,ISO 3166-2:UZ,23.8,14.3,61.9
5,Uruguay,UY,URY,858,ISO 3166-2:UY,3.8,8.6,87.6
6,United States,US,USA,840,ISO 3166-2:US,0.8,8.9,90.4
7,United Kingdom,GB,GBR,826,ISO 3166-2:GB,0.6,7.7,91.7
8,United Arab Emirates,AE,ARE,784,ISO 3166-2:AE,0,5.4,94.6
9,Ukraine,UA,UKR,804,ISO 3166-2:UA,11.4,14,74.6
10,Uganda,UG,UGA,800,ISO 3166-2:UG,76.8,3.2,20
11,Turkmenistan,TM,TKM,795,ISO 3166-2:TM,18.7,36.3,45
12,Turkey,TR,TUR,792,ISO 3166-2:TR,25,15.9,59.1
13,Tunisia,TN,TUN,788,ISO 3166-2:TN,9,32.6,58.5
14,Trinidad and Tobago,TT,TTO,780,ISO 3166-2:TT,1.3,12.4,86.3
15,Tonga,TO,TON,776,ISO 3166-2:TO,1.5,45,53.5
16,Togo,TG,TGO,768,ISO 3166-2:TG,26.9,17.8,55.4
17,Timor-Leste,TL,TLS,626,ISO 3166-2:TL,39.2,7.6,53.3
18,Thailand,TH,THA,764,ISO 3166-2:TH,28.3,19.8,52
19,Tanzania,TZ,TZA,834,ISO 3166-2:TZ,66.7,3.1,30.2
20,Tajikistan,TJ,TJK,762,ISO 3166-2:TJ,60,7.4,32.6
21,Syrian Arab Republic,SY,SYR,760,ISO 3166-2:SY,6.8,8.3,84.9
22,Switzerland,CH,CHE,756,ISO 3166-2:CH,2,10.1,87.9
23,Sweden,SE,SWE,752,ISO 3166-2:SE,0.7,7.1,92.2
24,Suriname,SR,SUR,740,ISO 3166-2:SR,4.5,7.5,87.9
25,Sudan,SD,SDN,736,ISO 3166-2:SD,51.8,4.7,43.5
26,Sri Lanka,LK,LKA,144,ISO 3166-2:LK,27.6,25.9,46.5
27,Spain,ES,ESP,724,ISO 3166-2:ES,2,9.4,88.6
28,South Africa,ZA,ZAF,710,ISO 3166-2:ZA,3.8,12,84.2
29,Somalia,SO,SOM,706,ISO 3166-2:SO,83.9,0.8,15.3
30,Solomon Islands,SB,SLB,90,ISO 3166-2:SB,37.6,5.5,56.9
31,Slovenia,SI,SVN,705,ISO 3166-2:SI,3.5,20.5,76
32,Singapore,SG,SGP,702,ISO 3166-2:SG,0,11,89
33,Sierra Leone,SL,SLE,694,ISO 3166-2:SL,51.5,1.5,47
34,Serbia,RS,SRB,688,ISO 3166-2:RS,13.3,19,67.8
35,Senegal,SN,SEN,686,ISO 3166-2:SN,24.8,5.4,69.8
36,Saudi Arabia,SA,SAU,682,ISO 3166-2:SA,0.3,2.1,97.6
37,Sao Tome and Principe,ST,STP,678,ISO 3166-2:ST,8.6,3.3,88.2
38,Samoa,WS,WSM,882,ISO 3166-2:WS,6.6,37.2,56.1
39,Rwanda,RW,RWA,646,ISO 3166-2:RW,71,2.7,26.3
40,Romania,RO,ROU,642,ISO 3166-2:RO,21,20.9,58.1
41,Qatar,QA,QAT,634,ISO 3166-2:QA,0,6.2,93.8
42,Puerto Rico,PR,PRI,630,ISO 3166-2:PR,0.3,7.9,91.8
43,Portugal,PT,PRT,620,ISO 3166-2:PT,3.6,15,81.4
44,Poland,PL,POL,616,ISO 3166-2:PL,8.1,17.5,74.4
45,Philippines,PH,PHL,608,ISO 3166-2:PH,13.6,9.7,76.7
46,Peru,PE,PER,604,ISO 3166-2:PE,26.3,8.3,65.4
47,Paraguay,PY,PRY,600,ISO 3166-2:PY,12.8,8.7,78.5
48,Papua New Guinea,PG,PNG,598,ISO 3166-2:PG,60.1,5.1,34.8
49,Panama,PA,PAN,591,ISO 3166-2:PA,8.3,9.5,82.3
50,Pakistan,PK,PAK,586,ISO 3166-2:PK,65.2,16.8,18
51,Oman,OM,OMN,512,ISO 3166-2:OM,0.3,4.1,95.6
52,Norway,NO,NOR,578,ISO 3166-2:NO,1,6.9,92.1
53,Nigeria,NG,NGA,566,ISO 3166-2:NG,23.6,12.9,63.6
54,Niger,NE,NER,562,ISO 3166-2:NE,69.5,9.4,21.2
55,Nicaragua,NI,NIC,558,ISO 3166-2:NI,8.2,12.3,79.5
56,New Zealand,NZ,NZL,554,ISO 3166-2:NZ,3.7,8.9,87.3
57,New Caledonia,NC,NCL,540,ISO 3166-2:NC,0.9,7.5,91.7
58,Netherlands,NL,NLD,528,ISO 3166-2:NL,1.4,6.3,92.4
59,Nepal,NP,NPL,524,ISO 3166-2:NP,74.1,8.6,17.3
60,Namibia,,NAM,516,ISO 3166-2:NA,20.1,7.9,72
61,Myanmar,MM,MMR,104,ISO 3166-2:MM,42.4,17,40.6
62,Mozambique,MZ,MOZ,508,ISO 3166-2:MZ,79.8,3.2,17
63,Morocco,MA,MAR,504,ISO 3166-2:MA,52.1,13.3,34.6
64,Montenegro,ME,MNE,499,ISO 3166-2:ME,6.6,7.8,85.6
65,Mongolia,MN,MNG,496,ISO 3166-2:MN,23.4,14.4,62.2
66,Mexico,MX,MEX,484,ISO 3166-2:MX,3.6,17.1,79.3
67,Mauritius,MU,MUS,480,ISO 3166-2:MU,3.9,15.1,80.9
68,Mauritania,MR,MRT,478,ISO 3166-2:MR,21.9,17.4,60.6
69,Malta,MT,MLT,470,ISO 3166-2:MT,0.4,8.8,90.8
70,Mali,ML,MLI,466,ISO 3166-2:ML,62.6,5.3,32.2
71,Maldives,MV,MDV,462,ISO 3166-2:MV,1.9,22.8,75.4
72,Malaysia,MY,MYS,458,ISO 3166-2:MY,5.9,20,74.1
73,Malawi,MW,MWI,454,ISO 3166-2:MW,82,2.9,15.1
74,Madagascar,MG,MDG,450,ISO 3166-2:MG,59.9,8.9,31.1
75,Luxembourg,LU,LUX,442,ISO 3166-2:LU,0.4,4.3,95.3
76,Lithuania,LT,LTU,440,ISO 3166-2:LT,4.2,16.5,79.3
77,Liberia,LR,LBR,430,ISO 3166-2:LR,40.3,5.2,54.5
78,Lesotho,LS,LSO,426,ISO 3166-2:LS,39.8,11.8,48.4
79,Lebanon,LB,LBN,422,ISO 3166-2:LB,9.5,12.9,77.6
80,Latvia,LV,LVA,428,ISO 3166-2:LV,4.3,11.9,83.7
81,Kuwait,KW,KWT,414,ISO 3166-2:KW,0,3,97
82,Kenya,KE,KEN,404,ISO 3166-2:KE,59.3,1.6,39
83,Kazakhstan,KZ,KAZ,398,ISO 3166-2:KZ,13.3,11.8,74.9
84,Jordan,JO,JOR,400,ISO 3166-2:JO,0.8,13,86.3
85,Japan,JP,JPN,392,ISO 3166-2:JP,3,13.9,83.2
86,Jamaica,JM,JAM,388,ISO 3166-2:JM,8.2,5.7,86.1
87,Italy,IT,ITA,380,ISO 3166-2:IT,2.4,13,84.6
88,Israel,IL,ISR,376,ISO 3166-2:IL,0.5,7.9,91.6
89,Ireland,IE,IRL,372,ISO 3166-2:IE,1.2,8.8,90
90,Iraq,IQ,IRQ,368,ISO 3166-2:IQ,15.1,16.2,68.8
91,Indonesia,ID,IDN,360,ISO 3166-2:ID,26.4,16.7,57
92,India,IN,IND,356,ISO 3166-2:IN,54.7,17.4,28
93,Iceland,IS,ISL,352,ISO 3166-2:IS,1.4,7.3,91.3
94,Hungary,HU,HUN,348,ISO 3166-2:HU,2.8,20,77.2
95,Honduras,HN,HND,340,ISO 3166-2:HN,8.3,19,72.7
96,Haiti,HT,HTI,332,ISO 3166-2:HT,13.1,2,84.9
97,Guyana,GY,GUY,328,ISO 3166-2:GY,7.9,10.9,81.2
98,Guinea-Bissau,GW,GNB,624,ISO 3166-2:GW,64.1,5.8,30.1
99,Guinea,GN,GIN,324,ISO 3166-2:GN,61.8,2,36.2
100,Guatemala,GT,GTM,320,ISO 3166-2:GT,9.8,17.1,73.2
101,Guam,GU,GUM,316,ISO 3166-2:GU,0.1,3.5,96.4
102,Greece,GR,GRC,300,ISO 3166-2:GR,10.6,7.8,81.6
103,Ghana,GH,GHA,288,ISO 3166-2:GH,22.1,23.1,54.8
104,Germany,DE,DEU,276,ISO 3166-2:DE,0.8,13.9,85.3
105,Georgia,GE,GEO,268,ISO 3166-2:GE,40.1,5.6,54.3
106,Gabon,GA,GAB,266,ISO 3166-2:GA,45.8,2.7,51.5
107,French Polynesia,PF,PYF,258,ISO 3166-2:PF,3.8,5.5,90.7
108,France,FR,FRA,250,ISO 3166-2:FR,1.5,9.5,89
109,Finland,FI,FIN,246,ISO 3166-2:FI,2.1,8.8,89.1
110,Fiji,FJ,FJI,242,ISO 3166-2:FJ,8.2,7.5,84.3
111,Ethiopia,ET,ETH,231,ISO 3166-2:ET,58.7,9.1,32.2
112,Estonia,EE,EST,233,ISO 3166-2:EE,1.5,17,81.4
113,Eritrea,ER,ERI,232,ISO 3166-2:ER,68.3,4.5,27.1
114,Equatorial Guinea,GQ,GNQ,226,ISO 3166-2:GQ,42.5,11.6,45.8
115,El Salvador,SV,SLV,222,ISO 3166-2:SV,3.4,17.7,78.9
116,Ecuador,EC,ECU,218,ISO 3166-2:EC,27.1,9.8,63
117,Dominican Republic,DO,DOM,214,ISO 3166-2:DO,1.4,9.3,89.3
118,Djibouti,DJ,DJI,262,ISO 3166-2:DJ,22.1,6.8,71.1
119,Denmark,DK,DNK,208,ISO 3166-2:DK,1.1,8.8,90.1
120,Czech Republic,CZ,CZE,203,ISO 3166-2:CZ,1.7,23.6,74.6
121,Cyprus,CY,CYP,196,ISO 3166-2:CY,1.3,7.1,91.6
122,Cuba,CU,CUB,192,ISO 3166-2:CU,7.3,10.4,82.3
123,Croatia,HR,HRV,191,ISO 3166-2:HR,4.4,16.2,79.4
124,Costa Rica,CR,CRI,188,ISO 3166-2:CR,4.1,10,85.9
125,Comoros,KM,COM,174,ISO 3166-2:KM,31.6,16.4,52
126,Colombia,CO,COL,170,ISO 3166-2:CO,6.6,14.4,79
127,China,CN,CHN,156,ISO 3166-2:CN,22,23.1,54.9
128,Chile,CL,CHL,152,ISO 3166-2:CL,4.7,10.2,85.1
129,Chad,TD,TCD,148,ISO 3166-2:TD,73.4,0.5,26.1
130,Central African Republic,CF,CAF,140,ISO 3166-2:CF,72.6,4.6,22.8
131,Canada,CA,CAN,124,ISO 3166-2:CA,1,8.4,90.6
132,Cameroon,CM,CMR,120,ISO 3166-2:CM,47.7,11,41.3
133,Cambodia,KH,KHM,116,ISO 3166-2:KH,36.6,26.3,37.1
134,Burundi,BI,BDI,108,ISO 3166-2:BI,93.7,0.9,5.4
135,Burkina Faso,BF,BFA,854,ISO 3166-2:BF,21.4,25.2,53.4
136,Bulgaria,BG,BGR,100,ISO 3166-2:BG,4.3,22.2,73.5
137,Brunei Darussalam,BN,BRN,96,ISO 3166-2:BN,0.7,9.4,89.9
138,Brazil,BR,BRA,76,ISO 3166-2:BR,4,10.6,85.4
139,Botswana,BW,BWA,72,ISO 3166-2:BW,15.3,9.2,75.5
140,Bosnia and Herzegovina,BA,BIH,70,ISO 3166-2:BA,20.5,16.9,62.7
141,Bolivia,BO,BOL,68,ISO 3166-2:BO,30.3,10.2,59.5
142,Bhutan,BT,BTN,64,ISO 3166-2:BT,64,9.6,26.4
143,Benin,BJ,BEN,204,ISO 3166-2:BJ,29.8,16.2,54.1
144,Belize,BZ,BLZ,84,ISO 3166-2:BZ,4.7,9.3,86.1
145,Belgium,BE,BEL,56,ISO 3166-2:BE,0.6,8.4,91
146,Belarus,BY,BLR,112,ISO 3166-2:BY,7.5,18.8,73.7
147,Barbados,BB,BRB,52,ISO 3166-2:BB,1.6,9,89.4
148,Bangladesh,BD,BGD,50,ISO 3166-2:BD,57.6,17.7,24.8
149,Bahrain,BH,BHR,48,ISO 3166-2:BH,0,8.6,91.4
150,Azerbaijan,AZ,AZE,31,ISO 3166-2:AZ,41.8,5.9,52.3
151,Austria,AT,AUT,40,ISO 3166-2:AT,3.2,11.8,85.1
152,Australia,AU,AUS,36,ISO 3166-2:AU,1.7,7.4,90.8
153,Armenia,AM,ARM,51,ISO 3166-2:AM,26.9,11.4,61.7
154,Argentina,AR,ARG,32,ISO 3166-2:AR,0,9.2,90.8
155,Angola,AO,AGO,24,ISO 3166-2:AO,56.8,0.9,42.3
156,Algeria,DZ,DZA,12,ISO 3166-2:DZ,3.4,23.5,73.1
157,Albania,AL,ALB,8,ISO 3166-2:AL,41.6,16.3,42.1
158,Afghanistan,AF,AFG,4,ISO 3166-2:AF,65,25,10
